Jeddah,Al Adel,Al Adel,LOCATOR
Jeddah,Al Ajaweed,Al Ajaweed,LOCATOR
Jeddah,Al Ajwad,Al Ajwad,LOCATOR
Jeddah,Al AloLo,Al Loaloa,LOCATOR
Jeddah,Al Amariya,Al Ammariyah,LOCATOR
Jeddah,Al Ameer Abdoulmajjed,Al Amir Abdoulmajed,LOCATOR
Jeddah,Al Ameer Fawaz Al Shamaly,Al Amir Fawaz Ash Shamaly,LOCATOR
Jeddah,Al Ameer Fawaz Aljanouby,Al Amir Fawaz Al Janouby,LOCATOR
Jeddah,Al Amwaj,Al Amwaj,LOCATOR
Jeddah,Al Andalus,Al Andalus,LOCATOR
Jeddah,Al Asalah,Al Asalah,LOCATOR
Jeddah,Al Azizah,Al Aziziyah,LOCATOR
Jeddah,Al Badawi,Al Bawadi,LOCATOR
Jeddah,Al Baghdadia Al Gharbia,Al Baghdadiyah Al Gharbiyah,LOCATOR
Jeddah,Al Baghdadia Al Sharqia,Al Baghdadiyah Ash Sharqiyah,LOCATOR
Jeddah,Al Balad,Al Balad,LOCATOR
Jeddah,Al Barakah,Al Barakah,LOCATOR
Jeddah,Al Basateen,Al Basatin,LOCATOR
Jeddah,Al Bashaer,Al Bashaer,LOCATOR
Jeddah,Al Dahyh,Ad Dahiah,LOCATOR
Jeddah,Al Fadel,Al Fadel,LOCATOR
Jeddah,Al Fadeyllah,Al Fadeylah,LOCATOR
Jeddah,Al Faisaliah,Al Faisaliyah,LOCATOR
Jeddah,Al Falah,Al Falah,LOCATOR
Jeddah,Al Fardus,Al Ferdous,LOCATOR
Jeddah,Al Farooq,Al Farouk,LOCATOR
Jeddah,Al Fayha,Al Faiha,LOCATOR
Jeddah,Al Frosyah,Al Frosyah,LOCATOR
Jeddah,Al Hada,Al Hada,LOCATOR
Jeddah,Al Hamadhnyah,Al Hamadaniyah,LOCATOR
Jeddah,Al Hamraa,Al Hamra,LOCATOR
Jeddah,Al Hendawiya,Al Hindawiyah,LOCATOR
Jeddah,Al Jamiah,Al Jamiah,LOCATOR
Jeddah,Al Jawaher,Al Jawharah,LOCATOR
Jeddah,Al Kandara,Al Kandarah,LOCATOR
Jeddah,Al Karamah,Al Karamah,LOCATOR
Jeddah,Al Kawthar,Al Kawthar,LOCATOR
Jeddah,Al Khalidiah,Al Khalidiyah,LOCATOR
Jeddah,Al Khomrah,Al Khomrah,LOCATOR
Jeddah,Al Mahjar,Al Mahjar,LOCATOR
Jeddah,Al Malek Abdoulazez Airport,King Abdul Aziz International Airport,LOCATOR
Jeddah,Al Malek Faysal Naval Base,King Faisal Naval Base,LOCATOR
Jeddah,Al Manar,Al Manar,LOCATOR
Jeddah,Al Marwah,Al Marwah,LOCATOR
Jeddah,Al Masarah,Al Masarah,LOCATOR
Jeddah,Al Montazah,Al Montazah,LOCATOR
Jeddah,Al Moulysaa,Al Moulysaa,LOCATOR
Jeddah,Al Muhamadiya,Al Muhammadiyah,LOCATOR
Jeddah,Al Muntazahat,Al Mutanazahat,LOCATOR
Jeddah,Al Murjan,Al Murjan,LOCATOR
Jeddah,Al Naeem,An Naim,LOCATOR
Jeddah,Al Nahda,An Nahdah,LOCATOR
Jeddah,Al Nakheel,An Nakhil,LOCATOR
Jeddah,Al Naseem,An Nasim,LOCATOR
Jeddah,Al Nazla Al Yamaniya,An Nazlah Al Yamaniyah,LOCATOR
Jeddah,Al Nazla East,An Nazlah Ash Sharqiyah,LOCATOR
Jeddah,Al Nuzha,An Nuzhah,LOCATOR
Jeddah,Al Qouzeen,Al Qouzeen,LOCATOR
Jeddah,Al Qryenah,Al Qryniah,LOCATOR
Jeddah,Al Quraiyat,Al Quraiyat,LOCATOR
Jeddah,Al Rabwah,Ar Rabwah,LOCATOR
Jeddah,Al Raghama,Abruq Ar Rughamah,LOCATOR
Jeddah,Al Rahmah,Ar Rahmah,LOCATOR
Jeddah,Al Rahmanyah,Ar Rahmanyah,LOCATOR
Jeddah,Al Rawabi,Ar Rawabi,LOCATOR
Jeddah,Al Rawda,Ar Rawdah,LOCATOR
Jeddah,Al Rayaan,Ar Rayaan,LOCATOR
Jeddah,Al Rehab,Ar Rihab,LOCATOR
Jeddah,Al Riyadh,Ar Riyadh,LOCATOR
Jeddah,Al Ruwais,Ar Ruwais,LOCATOR
Jeddah,Al Sabeel,As Sabil,LOCATOR
Jeddah,Al Safa,As Safa,LOCATOR
Jeddah,Al Sahaifa,As Sahifah,LOCATOR
Jeddah,Al Salamah,As Salamah,LOCATOR
Jeddah,Al Salyhyah,As Salhiyah,LOCATOR
Jeddah,Al Samir,As Samir,LOCATOR
Jeddah,Al Sanabel,As Sanabel,LOCATOR
Jeddah,Al Sarawat,As Sarawat,LOCATOR
Jeddah,Al Senaeya,Industrial Area,LOCATOR
Jeddah,Al Sharafiah,Ash Sharafiyah,LOCATOR
Jeddah,Al Shatia,Ash Shati,LOCATOR
Jeddah,Al Shefaa,Ash Shefaa,LOCATOR
Jeddah,Al Sheraa,Ash Sheraa,LOCATOR
Jeddah,Al Shrouk,Ash Shrouk,LOCATOR
Jeddah,Al Sororyah,As Sororyah,LOCATOR
Jeddah,Al Sulaimaniyah,As Sulaymaniyah,LOCATOR
Jeddah,Al Swaryee,As Swaryee,LOCATOR
Jeddah,Al Taawon,At Taawon,LOCATOR
Jeddah,Al Tadamon,At Tadamon,LOCATOR
Jeddah,Al Thaalba,Ath Thaalibah,LOCATOR
Jeddah,Al Thaghar,Ath Thaghr,LOCATOR
Jeddah,Al Wadi,Al Wadi,LOCATOR
Jeddah,Al Waha,Al Wahah,LOCATOR
Jeddah,Al Waziriyaa,Al Waziriyah,LOCATOR
Jeddah,Al Wurood,Al Wurud,LOCATOR
Jeddah,Al Yaqoot,Al Yaqoot,LOCATOR
Jeddah,Al Zahraa,Az Zahra,LOCATOR
Jeddah,Al Zomorod,Az Zomorod,LOCATOR
Jeddah,Alsahil,As Sahil,LOCATOR
Jeddah,Asfan,Asfan,LOCATOR
Jeddah,Bahrah,Bahrah,LOCATOR
Jeddah,Bani Malik,Bani Malik,LOCATOR
Jeddah,Betromin,Petromin,LOCATOR
Jeddah,Braiman,Bryman,LOCATOR
Jeddah,Dhahban,Dhahban,LOCATOR
Jeddah,Ghlail,Ghulail,LOCATOR
Jeddah,King Abdulaziz University,King Abdul Aziz University,LOCATOR
Jeddah,Madain Al Fahad,Madain Al Fahd,LOCATOR
Jeddah,Meshrefah,Mishrifah,LOCATOR
Jeddah,Mraykh,Mraykh,LOCATOR
Jeddah,New Area -1,New Area -1,LOCATOR
Jeddah,New Area -2,New Area -2,LOCATOR
Jeddah,New Area -3,New Area -3,LOCATOR
Jeddah,New Area -4,New Area -4,LOCATOR
Jeddah,Obhur North,Abhur Ash Shamaliyah,LOCATOR
Jeddah,Teebah,Taibah,LOCATOR
Jeddah,Ubhur Al Janobiya,Abhur Al Janubiyah,LOCATOR
Jeddah,Um Asalam,Um Asalam,LOCATOR
Jeddah,Um Hableen,Um hableen,LOCATOR
Riyadh,Al Aamal,Al Amal,LOCATOR
Riyadh,Al Aarid,Al Arid,LOCATOR
Riyadh,Al Andalus,Al Andalus,LOCATOR
Riyadh,Al Aqiq,Al Aqiq,LOCATOR
Riyadh,Al Auraija Al Wasta,Al Uraija Al Wusta,LOCATOR
Riyadh,Al Auraija West,Al Uraija Al Gharbiyah,LOCATOR
Riyadh,Al Azizah,Al Aziziyah,LOCATOR
Riyadh,Al Badea,Al Badiah,LOCATOR
Riyadh,Al Butaiha,Al Batha,LOCATOR
Riyadh,Al Dar Al Baidah,Ad Dar Al Baida,LOCATOR
Riyadh,Al Deira,Ad Dirah,LOCATOR
Riyadh,Al Dhubat,Adh Dhubbat,LOCATOR
Riyadh,Al Difaa-Defence,Ad Difa,LOCATOR
Riyadh,Al Dobiyah,Ad Dubiyah,LOCATOR
Riyadh,Al Dureihmiya,Ad Duraihimiyah,LOCATOR
Riyadh,Al Faisalia,Al Faisaliyah,LOCATOR
Riyadh,Al Fakhriya,Al Fakhriyah,LOCATOR
Riyadh,Al Falah,Al Falah,LOCATOR
Riyadh,Al Farooq,Al Faruq,LOCATOR
Riyadh,Al Fayha,Al Faiha,LOCATOR
Riyadh,Al Fouta,Al Futah,LOCATOR
Riyadh,Al Ghadeer,Al Ghadir,LOCATOR
Riyadh,Al Hada,Al Hada,LOCATOR
Riyadh,Al Hamraa,Al Hamra,LOCATOR
Riyadh,Al Hayer,Al Haeer,LOCATOR
Riyadh,Al Hazm,Al Hazm,LOCATOR
Riyadh,Al Iskan,Al Iskan,LOCATOR
Riyadh,Al Izdehar,Al Izdihar,LOCATOR
Riyadh,Al Janadriya,Al Janadriyah,LOCATOR
Riyadh,Al Jaradiya,Al Jaradiyah,LOCATOR
Riyadh,Al Jazira,Al Jazirah,LOCATOR
Riyadh,Al Khaleej,Al Khalij,LOCATOR
Riyadh,Al Khalidiya,Al Khalidiyah,LOCATOR
Riyadh,Al Khuzama,Al Khuzama,LOCATOR
Riyadh,Al Maather,Al Madhar,LOCATOR
Riyadh,Al Maather North,Al Madhar Ash Shamali,LOCATOR
Riyadh,Al Malaz,Al Malaz,LOCATOR
Riyadh,Al Malqa,Al Malqa,LOCATOR
Riyadh,Al Manakh,Al Manakh,LOCATOR
Riyadh,Al Manar,Al Manar,LOCATOR
Riyadh,Al Mansoora,Al Mansurah,LOCATOR
Riyadh,Al Mansoriya,Al Mansoriya,LOCATOR
Riyadh,Al Marqab,Al Marqab,LOCATOR
Riyadh,Al Marwa,Al Marwah,LOCATOR
Riyadh,Al Masanea,Al Masani,LOCATOR
Riyadh,Al Maseef,Al Masif,LOCATOR
Riyadh,Al Muaaizila,Al Maizilah,LOCATOR
Riyadh,Al Muanesiya,Al Muanesiya,LOCATOR
Riyadh,Al Muatamarat,Al Mutamarat,LOCATOR
Riyadh,Al Muhamadiya,Al Muhammadiyah,LOCATOR
Riyadh,Al Murooj,Al Muruj,LOCATOR
Riyadh,Al Murraba,Al Murabba,LOCATOR
Riyadh,Al Mursalat,Al Mursalat,LOCATOR
Riyadh,Al Musfat,Al Misfat,LOCATOR
Riyadh,Al Nada,An Nada,LOCATOR
Riyadh,Al Nadhem,An Nazim,LOCATOR
Riyadh,Al Nafl,An Nafl,LOCATOR
Riyadh,Al Nahdhah,An Nahdah,LOCATOR
Riyadh,Al Nakheel,An Nakhil,LOCATOR
Riyadh,Al Namothajiya,An Namudhajiyah,LOCATOR
Riyadh,Al Narjas,An Narjis,LOCATOR
Riyadh,Al Naseem East,An Nasim Al Gharbi,LOCATOR
Riyadh,Al Naseem West,An Nasim Ash Sharqi,LOCATOR
Riyadh,Al Nasiriyah,An Nasriyah,LOCATOR
Riyadh,Al Noor,An Nur,LOCATOR
Riyadh,Al Nuzha,An Nuzhah,LOCATOR
Riyadh,Al Olaya East,Al Ulaya,LOCATOR
Riyadh,Al Olaya West,Al Ulaya,LOCATOR
Riyadh,Al Oud,Al Ud,LOCATOR
Riyadh,Al Qadisia,Al Qadisiyah,LOCATOR
Riyadh,Al Qairawan,Al Qirawan,LOCATOR
Riyadh,Al Qrai,Al Qura,LOCATOR
Riyadh,Al Quds,Al Quds,LOCATOR
Riyadh,Al Rabiea,Ar Rabi,LOCATOR
Riyadh,Al Rabwa,Ar Rabwah,LOCATOR
Riyadh,Al Rafiaah,Ar Rafiah,LOCATOR
Riyadh,Al Rahmaniya,Ar Rahmaniyah,LOCATOR
Riyadh,Al Rawabi,Ar Rawabi,LOCATOR
Riyadh,Al Rawda,Ar Rawdah,LOCATOR
Riyadh,Al Rayan,Ar Rayan,LOCATOR
Riyadh,Al Rayed,Ar Raid,LOCATOR
Riyadh,Al Remal,Ar Rimal,LOCATOR
Riyadh,Al Remayah,Ar Rimayah,LOCATOR
Riyadh,Al Saada,As Saadah,LOCATOR
Riyadh,Al Safa,As Safa,LOCATOR
Riyadh,Al Safarat,As Safarat,LOCATOR
Riyadh,Al Sahafa,As Sahafah,LOCATOR
Riyadh,Al Salam,As Salam,LOCATOR
Riyadh,Al Salihiya,As Salhiyah,LOCATOR
Riyadh,Al Shafa,Ash Shifa,LOCATOR
Riyadh,Al Sharafiya,Ash Sharafiyah,LOCATOR
Riyadh,Al Shumaisi,Ash Shimaisi,LOCATOR
Riyadh,Al Sulai,"As Sulai, Al Mishal",LOCATOR
Riyadh,Al Sulaimaniya,As Sulimaniyah,LOCATOR
Riyadh,Al Suwaidi,As Suwaidi,LOCATOR
Riyadh,Al Suwaidi West,As Suwaidi Al Gharbi,LOCATOR
Riyadh,Al Taawun,At Taawn,LOCATOR
Riyadh,Al Uraija,Al Uraija,LOCATOR
Riyadh,Al Wadi,Al Wadi,LOCATOR
Riyadh,Al Waha,Al Wahah,LOCATOR
Riyadh,Al Wazarat,Al Wazarat,LOCATOR
Riyadh,Al Wsham,Al Wisham,LOCATOR
Riyadh,Al Wurood,Al Wurud,LOCATOR
Riyadh,Al Wusaita,Al Wusayta,LOCATOR
Riyadh,Al Yamama,Al Yamamah,LOCATOR
Riyadh,Al Yarmook,Al Yarmuk,LOCATOR
Riyadh,Al Yasmeen,Al Yasmin,LOCATOR
Riyadh,Al Zahraa North,Az zahra,LOCATOR
Riyadh,Al Zahraa South,Az zahrah,LOCATOR
Riyadh,Alaisha,Ilaishah,LOCATOR
Riyadh,Area 1011 - (Al Bariah),Al Bariah,LOCATOR
Riyadh,Ashbiliya,Ishbiliyah,LOCATOR
Riyadh,Aukadh,Uqaz,LOCATOR
Riyadh,Autaiqa,Utaiqah,LOCATOR
Riyadh,Badr,Badr,LOCATOR
Riyadh,Dhahrat Al Badiaa,Dhahrat Al Badiah,LOCATOR
Riyadh,Dhahrat Laban,Dhahrat Laban,LOCATOR
Riyadh,Dhahrat Nimar,Dhahrat Namar,LOCATOR
Riyadh,Dirab,Dirab,LOCATOR
Riyadh,Ghubaira,Ghubairah,LOCATOR
Riyadh,Ghurnata,Ghirnatah,LOCATOR
Riyadh,Heteen,Hittin,LOCATOR
Riyadh,Hijrat Wadi Laban,Laban,LOCATOR
Riyadh,Immam Mohammed Bin Saud University,Al Imam Muhammed Ibn Saud Islamic University,LOCATOR
Riyadh,Irgah,Irqah,LOCATOR
Riyadh,Jabrah,Jabrah,LOCATOR
Riyadh,Jareer,Jarir,LOCATOR
Riyadh,Khasham Al Aan,Khashm Al An,LOCATOR
Riyadh,King Abdulaziz,King Abdul Aziz,LOCATOR
Riyadh,King Abdullah,King Abdullah,LOCATOR
Riyadh,King Fahad,King Fahd,LOCATOR
Riyadh,King Faisal,King Faisal,LOCATOR
Riyadh,King Khalid Airport,King Khalid Airport,LOCATOR
Riyadh,King Saud University,King Saud University,LOCATOR
Riyadh,Maakal,Al Mikal,LOCATOR
Riyadh,Manfouha,Manfuhah,LOCATOR
Riyadh,Manfouha Al Jadeeda,Manfuhah Al Jadidah,LOCATOR
Riyadh,Namar,Namar,LOCATOR
Riyadh,New Industrial Area East,New Industrial Area,LOCATOR
Riyadh,Qurtuba,Qurtubah,LOCATOR
Riyadh,Salahuddin,Salah Ad Din,LOCATOR
Riyadh,Salam,As Salam,LOCATOR
Riyadh,Shubra,Shubra,LOCATOR
Riyadh,Siyah,Siyah,LOCATOR
Riyadh,Sultana,Sultanah,LOCATOR
Riyadh,Taiyba,Taibah,LOCATOR
Riyadh,Thlaim,Thulaim,LOCATOR
Riyadh,Twaiq,Tuwaiq,LOCATOR
Riyadh,Umm Al Hamam East,Umm Al Hamam Al Gharbi,LOCATOR
Riyadh,Umm Al Hamam West,Umm Al Hamam Ash Sharqi,LOCATOR
Riyadh,Umm Sulaim,Umm Salim,LOCATOR
